<book-data xmlns:ia-index="http://www.intelliarts.com/publishing/index"><bs-map><anchor id="GUID-3C6FD556-7918-4F5D-97D2-C0611E9250E4" gid="d30e1"/><topic type="concept" gid="d30e7" map-collection-type="unordered" collection-type="unordered" id="GUID-411C6D67-836E-43FA-A426-D5C11992A305" topic-number="0" href="GUID-411C6D67-836E-43FA-A426-D5C11992A305.htm"><anchor id="GUID-411C6D67-836E-43FA-A426-D5C11992A305" gid="d30e7"> AutoCAD 2015 System Requirements for 32-bit Workstations </anchor><description/><title id="GUID-783A2DF7-3800-4FB8-AB67-490D17794503"> AutoCAD 2015 System Requirements for 32-bit Workstations </title><anchor id="GUID-783A2DF7-3800-4FB8-AB67-490D17794503" gid="d30e8"> AutoCAD 2015 System Requirements for 32-bit Workstations </anchor><anchor id="GUID-EC9DAFDD-D661-4A8C-856F-C435571454DC" gid="d30e11"/><anchor id="TABLE_F0D6ADE42EBC4A3EBC431B8BBADB5C34" gid="d30e13"/><anchor id="GUID-D12D339D-E705-4967-A5E8-2C6F6859CCA6" gid="d30e21"/><anchor id="GUID-73C0557B-F431-4951-A4A0-3E43F01955A6" gid="d30e26"/><anchor id="UL_3EC24B3BE36D4514B819D540AD6FAE5D" gid="d30e34"/><anchor id="LI_2FCD5C8AE1F542E8AA4F91ED1F9D035A" gid="d30e35"/><anchor id="LI_323B7E445309447398D6342B6F70B3B8" gid="d30e37"/><anchor id="LI_C97763A588024FF3942B28869371998F" gid="d30e39"/><anchor id="LI_B594C7E8D3FF44F38CB74D98C909019B" gid="d30e41"/><anchor id="LI_C9FFE02DB70E4F89A5DE33AB19BF2F58" gid="d30e43"/><anchor id="LI_C96B83963A1C4BBB810B2D0BE145C9ED" gid="d30e45"/><anchor id="LI_6A0B178ECE46439DA2B6189DEFA3991A" gid="d30e47"/><anchor id="GUID-9172735C-854A-4812-8189-C0DE429BEA6A" gid="d30e55"/><anchor id="GUID-06325741-6E91-41C7-B645-45A19CA0DB5E" gid="d30e63"/><anchor id="GUID-BB69D683-AA2F-4E49-A9AC-D8759600F71B" gid="d30e101"/><anchor id="GUID-FA7A399B-5856-43B3-B60D-7DA1E70630AC" gid="d30e104"/><anchor id="GUID-6DF1CA9C-EF46-4BE2-B373-F57C38756605" gid="d30e107"/><anchor id="GUID-09E28931-766B-4D90-9E0A-E6CB6F14B1A3" gid="d30e110"/><anchor id="GUID-2225EA8A-175E-4867-805E-7998C9E84DA5" gid="d30e112"/><anchor id="GUID-900DF5F9-C6EE-4C89-9FDD-CA0137583752" gid="d30e116"/></topic><topic type="concept" gid="d30e120" map-collection-type="unordered" collection-type="unordered" id="GUID-EC7FABB6-87E7-4F93-8FF6-F9E7F7F52B4C" topic-number="1" href="GUID-EC7FABB6-87E7-4F93-8FF6-F9E7F7F52B4C.htm"><anchor id="GUID-EC7FABB6-87E7-4F93-8FF6-F9E7F7F52B4C" gid="d30e120"> AutoCAD 2015 System Requirements for 64-bit workstations</anchor><description/><title id="GUID-26E48A9C-4F3C-4632-A432-31AE45F1FCA3"> AutoCAD 2015 System Requirements for 64-bit workstations</title><anchor id="GUID-26E48A9C-4F3C-4632-A432-31AE45F1FCA3" gid="d30e121"> AutoCAD 2015 System Requirements for 64-bit workstations</anchor><anchor id="GUID-D829C008-3300-4C77-94F4-690ED45478D4" gid="d30e124"/><anchor id="TABLE_F0D6ADE42EBC4A3EBC431B8BBADB5C34" gid="d30e126"/><anchor id="GUID-D12D339D-E705-4967-A5E8-2C6F6859CCA6" gid="d30e134"/><anchor id="GUID-73C0557B-F431-4951-A4A0-3E43F01955A6" gid="d30e139"/><anchor id="UL_3EC24B3BE36D4514B819D540AD6FAE5D" gid="d30e147"/><anchor id="LI_2FCD5C8AE1F542E8AA4F91ED1F9D035A" gid="d30e148"/><anchor id="LI_323B7E445309447398D6342B6F70B3B8" gid="d30e150"/><anchor id="LI_C97763A588024FF3942B28869371998F" gid="d30e152"/><anchor id="LI_B594C7E8D3FF44F38CB74D98C909019B" gid="d30e154"/><anchor id="LI_EA9E2924323A48B2BB2E7D4CEBBD47A7" gid="d30e156"/><anchor id="LI_2F023E06AE814A62AE89D13DBF14A9A4" gid="d30e158"/><anchor id="LI_5A2FAB26343441F5B4A69F2A130C9FDB" gid="d30e160"/><anchor id="GUID-7ED77067-53C7-4826-AC74-07A9A6EE6375" gid="d30e168"/><anchor id="GUID-5A59BAA0-08ED-4409-87FC-29372FF7D099" gid="d30e176"/><anchor id="GUID-2D4F374F-5576-479F-91F6-24D530006D45" gid="d30e179"/><anchor id="GUID-C793C464-DBD3-48A8-B45B-53C6B3FF0759" gid="d30e181"/><anchor id="GUID-61A29CA2-BF53-4555-A9A0-D0E3C247646F" gid="d30e185"/><anchor id="GUID-5E18BE73-16A8-4523-B829-84380F9FE0E9" gid="d30e223"/><anchor id="GUID-9CFCD169-B203-4B27-A32D-C1A0BEA5BCF6" gid="d30e226"/><anchor id="GUID-AB035386-6AF4-465B-8973-32CF2D900D9C" gid="d30e229"/><anchor id="GUID-475D429A-3C3E-4C69-8A25-F257DB46B02A" gid="d30e231"/></topic></bs-map><index-data><ia-index:index.groups xmlns:ditaarch="http://dita.oasis-open.org/architecture/2005/"/></index-data></book-data>