<?xml version="1.0" encoding="UTF-8"?>
<project-private xmlns="http://www.netbeans.org/ns/project-private/1">
    <editor-bookmarks xmlns="http://www.netbeans.org/ns/editor-bookmarks/2" lastBookmarkId="0"/>
    <open-files xmlns="http://www.netbeans.org/ns/projectui-open-files/2">
        <group>
            <file>file:/C:/Documents%20and%20Settings/admin.COMPUTER_1/Desktop/nsa/src/design/Test.java</file>
            <file>file:/C:/Documents%20and%20Settings/admin.COMPUTER_1/Desktop/nsa/src/design/TelaInicial.java</file>
            <file>file:/C:/Documents%20and%20Settings/admin.COMPUTER_1/Desktop/nsa/src/classes/TestClass.java</file>
            <file>file:/C:/Documents%20and%20Settings/admin.COMPUTER_1/Desktop/nsa/src/design/TelaLogin.java</file>
            <file>file:/C:/Documents%20and%20Settings/admin.COMPUTER_1/Desktop/nsa/src/classes/Nsa.java</file>
            <file>file:/C:/Documents%20and%20Settings/admin.COMPUTER_1/Desktop/nsa/src/classes/ParticipantesNsa.java</file>
            <file>file:/C:/Documents%20and%20Settings/admin.COMPUTER_1/Desktop/nsa/src/design/TelaCadastro.java</file>
        </group>
    </open-files>
</project-private>
